IDCode,narrative_text
paxi044,Accuracy low (15.79%); speed fast (13.81s); timing highly variable (var=517.59); correct streak short (3); incorrect streak long (28); consecutive correct rare (0.05).
pivi588,Accuracy high (91.23%); speed moderate (17.59s); timing highly variable (var=476.24); correct streak long (23); incorrect streak short (2); consecutive correct frequent (0.86).
weda047,Accuracy medium (84.21%); speed fast (12.28s); timing moderately variable (var=193.99); correct streak long (26); incorrect streak short (2); consecutive correct frequent (0.73).
zoka501,Accuracy medium (66.67%); speed moderate (15.80s); timing stable (var=109.20); correct streak moderate (15); incorrect streak moderate (4); consecutive correct rare (0.50).
hyku415,Accuracy medium (73.68%); speed slow (29.43s); timing highly variable (var=1214.94); correct streak long (25); incorrect streak short (3); consecutive correct occasional (0.61).
syvi476,Accuracy low (38.60%); speed fast (10.26s); timing stable (var=73.11); correct streak short (7); incorrect streak long (11); consecutive correct rare (0.23).
kuqy630,Accuracy medium (78.95%); speed slow (25.61s); timing highly variable (var=638.33); correct streak moderate (12); incorrect streak short (3); consecutive correct occasional (0.64).
node314,Accuracy medium (63.16%); speed slow (27.08s); timing highly variable (var=636.90); correct streak moderate (14); incorrect streak moderate (4); consecutive correct rare (0.46).
mybu425,Accuracy medium (68.42%); speed moderate (16.76s); timing highly variable (var=505.04); correct streak moderate (13); incorrect streak long (6); consecutive correct occasional (0.55).
pyqy867,Accuracy medium (78.95%); speed moderate (17.57s); timing moderately variable (var=215.20); correct streak moderate (12); incorrect streak short (3); consecutive correct occasional (0.62).
tywo507,Accuracy medium (82.46%); speed fast (12.15s); timing stable (var=139.36); correct streak moderate (17); incorrect streak short (2); consecutive correct frequent (0.71).
nuhi137,Accuracy low (52.63%); speed fast (13.85s); timing stable (var=95.40); correct streak short (9); incorrect streak long (6); consecutive correct rare (0.36).
vuho146,Accuracy medium (61.40%); speed slow (19.52s); timing highly variable (var=338.27); correct streak short (9); incorrect streak long (5); consecutive correct rare (0.46).
nysa238,Accuracy low (52.63%); speed slow (25.55s); timing highly variable (var=579.71); correct streak moderate (13); incorrect streak long (9); consecutive correct rare (0.41).
kisa730,Accuracy medium (73.68%); speed slow (33.55s); timing highly variable (var=1450.05); correct streak moderate (15); incorrect streak moderate (4); consecutive correct occasional (0.55).
doza768,Accuracy medium (61.40%); speed slow (33.16s); timing highly variable (var=786.72); correct streak short (6); incorrect streak moderate (4); consecutive correct rare (0.39).
sapu497,Accuracy medium (63.16%); speed slow (19.54s); timing moderately variable (var=279.99); correct streak moderate (12); incorrect streak long (6); consecutive correct rare (0.50).
dila385,Accuracy medium (71.93%); speed moderate (17.15s); timing moderately variable (var=305.09); correct streak moderate (13); incorrect streak moderate (4); consecutive correct occasional (0.61).
pymu787,Accuracy low (57.89%); speed moderate (19.42s); timing highly variable (var=720.56); correct streak moderate (17); incorrect streak long (16); consecutive correct rare (0.48).
bejy525,Accuracy medium (70.18%); speed slow (22.32s); timing highly variable (var=496.16); correct streak long (18); incorrect streak long (5); consecutive correct occasional (0.59).
bajo794,Accuracy medium (75.44%); speed moderate (18.01s); timing moderately variable (var=199.35); correct streak moderate (17); incorrect streak moderate (4); consecutive correct occasional (0.61).
dugu064,Accuracy low (49.12%); speed moderate (19.18s); timing highly variable (var=461.81); correct streak moderate (15); incorrect streak long (9); consecutive correct rare (0.38).
hiwu738,Accuracy medium (82.46%); speed fast (14.47s); timing moderately variable (var=231.12); correct streak moderate (15); incorrect streak short (2); consecutive correct frequent (0.71).
zucy684,Accuracy medium (78.95%); speed slow (27.90s); timing highly variable (var=812.11); correct streak long (21); incorrect streak moderate (4); consecutive correct frequent (0.70).
huxe147,Accuracy medium (63.16%); speed slow (19.58s); timing moderately variable (var=186.33); correct streak short (11); incorrect streak long (6); consecutive correct rare (0.45).
woza563,Accuracy medium (61.40%); speed slow (27.45s); timing highly variable (var=563.57); correct streak short (9); incorrect streak long (5); consecutive correct rare (0.45).
neku787,Accuracy medium (77.19%); speed moderate (17.64s); timing moderately variable (var=269.52); correct streak moderate (12); incorrect streak short (3); consecutive correct occasional (0.64).
navo572,Accuracy medium (64.91%); speed slow (19.71s); timing moderately variable (var=165.48); correct streak moderate (13); incorrect streak long (5); consecutive correct rare (0.50).
gola051,Accuracy medium (66.67%); speed fast (13.35s); timing stable (var=52.29); correct streak moderate (12); incorrect streak long (5); consecutive correct occasional (0.54).
pyzo535,Accuracy low (33.33%); speed slow (22.30s); timing highly variable (var=432.70); correct streak short (7); incorrect streak long (30); consecutive correct rare (0.25).
xoky149,Accuracy medium (66.67%); speed slow (20.52s); timing highly variable (var=489.20); correct streak short (9); incorrect streak long (8); consecutive correct occasional (0.52).
loxu319,Accuracy high (89.47%); speed slow (19.75s); timing moderately variable (var=229.89); correct streak long (30); incorrect streak short (3); consecutive correct frequent (0.84).
qisu640,Accuracy low (52.63%); speed moderate (14.70s); timing highly variable (var=484.54); correct streak moderate (12); incorrect streak long (5); consecutive correct rare (0.34).
gery678,Accuracy low (35.09%); speed fast (14.39s); timing stable (var=54.11); correct streak short (6); incorrect streak long (26); consecutive correct rare (0.25).
huho039,Accuracy medium (77.19%); speed slow (24.46s); timing highly variable (var=738.96); correct streak short (11); incorrect streak long (8); consecutive correct frequent (0.70).
wozo826,Accuracy low (47.37%); speed slow (26.27s); timing highly variable (var=598.06); correct streak moderate (15); incorrect streak long (17); consecutive correct rare (0.38).
soru820,Accuracy low (45.61%); speed slow (28.60s); timing highly variable (var=590.70); correct streak short (9); incorrect streak long (8); consecutive correct rare (0.29).
fari709,Accuracy low (28.07%); speed moderate (17.35s); timing stable (var=136.60); correct streak short (4); incorrect streak long (23); consecutive correct rare (0.12).
qapo730,Accuracy low (56.14%); speed slow (20.83s); timing moderately variable (var=263.37); correct streak short (11); incorrect streak long (5); consecutive correct rare (0.41).
najy705,Accuracy low (57.89%); speed moderate (15.62s); timing stable (var=57.20); correct streak short (8); incorrect streak long (14); consecutive correct rare (0.43).
sejy814,Accuracy medium (82.46%); speed fast (13.52s); timing moderately variable (var=173.68); correct streak moderate (15); incorrect streak short (3); consecutive correct frequent (0.71).
laze716,Accuracy medium (70.18%); speed moderate (19.04s); timing highly variable (var=336.20); correct streak moderate (15); incorrect streak moderate (4); consecutive correct occasional (0.59).
kojo378,Accuracy low (45.61%); speed fast (13.20s); timing stable (var=110.96); correct streak short (5); incorrect streak long (12); consecutive correct rare (0.27).
tepu554,Accuracy medium (82.46%); speed moderate (18.45s); timing stable (var=101.47); correct streak long (20); incorrect streak short (3); consecutive correct frequent (0.71).
dyva324,Accuracy low (45.61%); speed moderate (16.97s); timing moderately variable (var=163.85); correct streak short (6); incorrect streak long (5); consecutive correct rare (0.25).
pusu302,Accuracy low (24.56%); speed slow (22.39s); timing highly variable (var=851.71); correct streak short (4); incorrect streak long (26); consecutive correct rare (0.14).
xamy888,Accuracy medium (64.91%); speed moderate (15.67s); timing stable (var=109.51); correct streak short (8); incorrect streak moderate (4); consecutive correct rare (0.43).
ninu744,Accuracy low (38.60%); speed fast (13.39s); timing stable (var=68.46); correct streak short (8); incorrect streak long (13); consecutive correct rare (0.25).
punu537,Accuracy medium (66.67%); speed fast (12.13s); timing stable (var=95.69); correct streak moderate (12); incorrect streak long (5); consecutive correct occasional (0.54).
zufa556,Accuracy low (21.05%); speed moderate (17.22s); timing stable (var=106.85); correct streak short (4); incorrect streak long (16); consecutive correct rare (0.09).
losy787,Accuracy low (42.11%); speed slow (23.35s); timing highly variable (var=521.61); correct streak moderate (13); incorrect streak long (26); consecutive correct rare (0.34).
fuxa711,Accuracy low (57.89%); speed moderate (17.50s); timing moderately variable (var=192.22); correct streak short (11); incorrect streak long (6); consecutive correct rare (0.41).
myzo000,Accuracy medium (73.68%); speed slow (22.66s); timing highly variable (var=404.25); correct streak moderate (15); incorrect streak moderate (4); consecutive correct occasional (0.61).
jygo886,Accuracy low (47.37%); speed slow (20.81s); timing moderately variable (var=264.84); correct streak short (5); incorrect streak long (5); consecutive correct rare (0.27).
dyzo734,Accuracy low (8.77%); speed fast (13.90s); timing moderately variable (var=162.07); correct streak short (2); incorrect streak long (30); consecutive correct rare (0.02).
ciky680,Accuracy medium (82.46%); speed slow (21.88s); timing moderately variable (var=176.86); correct streak long (20); incorrect streak short (3); consecutive correct frequent (0.71).
nopo152,Accuracy low (54.39%); speed fast (12.91s); timing stable (var=93.23); correct streak moderate (14); incorrect streak long (11); consecutive correct rare (0.41).
tivy194,Accuracy medium (63.16%); speed fast (13.27s); timing stable (var=114.29); correct streak short (7); incorrect streak short (3); consecutive correct rare (0.41).
biry098,Accuracy low (57.89%); speed slow (22.28s); timing moderately variable (var=199.81); correct streak short (10); incorrect streak long (10); consecutive correct rare (0.43).
tebo981,Accuracy medium (84.21%); speed fast (14.34s); timing moderately variable (var=174.30); correct streak long (31); incorrect streak short (3); consecutive correct frequent (0.71).
jyma323,Accuracy medium (77.19%); speed fast (13.42s); timing moderately variable (var=197.16); correct streak long (19); incorrect streak short (3); consecutive correct occasional (0.62).
cani065,Accuracy medium (78.95%); speed moderate (18.96s); timing moderately variable (var=169.10); correct streak long (21); incorrect streak short (2); consecutive correct occasional (0.64).
puxi257,Accuracy low (52.63%); speed fast (11.94s); timing moderately variable (var=167.49); correct streak short (8); incorrect streak long (10); consecutive correct rare (0.36).
jemy201,Accuracy medium (68.42%); speed fast (14.23s); timing stable (var=109.42); correct streak short (11); incorrect streak long (5); consecutive correct occasional (0.55).
woqa919,Accuracy medium (77.19%); speed slow (22.11s); timing moderately variable (var=291.67); correct streak short (10); incorrect streak short (3); consecutive correct occasional (0.61).
huze427,Accuracy low (45.61%); speed fast (12.04s); timing stable (var=73.53); correct streak short (5); incorrect streak long (11); consecutive correct rare (0.29).
jaxe723,Accuracy medium (80.70%); speed moderate (14.85s); timing stable (var=106.63); correct streak moderate (14); incorrect streak short (2); consecutive correct frequent (0.68).
xamy676,Accuracy medium (64.91%); speed moderate (18.09s); timing moderately variable (var=271.50); correct streak short (7); incorrect streak long (5); consecutive correct rare (0.46).
lowy720,Accuracy medium (71.93%); speed slow (23.97s); timing highly variable (var=2110.59); correct streak short (11); incorrect streak moderate (4); consecutive correct occasional (0.61).
mixa281,Accuracy low (56.14%); speed moderate (19.32s); timing moderately variable (var=244.56); correct streak moderate (13); incorrect streak long (7); consecutive correct rare (0.41).
sipy389,Accuracy low (42.11%); speed slow (20.45s); timing stable (var=145.79); correct streak short (10); incorrect streak long (27); consecutive correct rare (0.38).
bube109,Accuracy medium (77.19%); speed moderate (18.46s); timing moderately variable (var=182.60); correct streak short (10); incorrect streak moderate (4); consecutive correct occasional (0.64).
boqe999,Accuracy medium (84.21%); speed fast (13.78s); timing stable (var=65.66); correct streak long (36); incorrect streak short (2); consecutive correct frequent (0.75).
guzo911,Accuracy medium (71.93%); speed slow (24.17s); timing highly variable (var=454.28); correct streak moderate (12); incorrect streak long (10); consecutive correct occasional (0.64).
guxe800,Accuracy medium (70.18%); speed slow (21.29s); timing highly variable (var=497.41); correct streak moderate (16); incorrect streak moderate (4); consecutive correct occasional (0.54).
dove442,Accuracy medium (66.67%); speed moderate (18.95s); timing highly variable (var=567.33); correct streak short (11); incorrect streak long (5); consecutive correct occasional (0.52).
zivi062,Accuracy medium (64.91%); speed fast (11.82s); timing stable (var=55.58); correct streak moderate (17); incorrect streak long (5); consecutive correct rare (0.50).
lury747,Accuracy low (52.63%); speed moderate (16.38s); timing moderately variable (var=202.47); correct streak short (9); incorrect streak moderate (4); consecutive correct rare (0.30).
tuve726,Accuracy medium (68.42%); speed slow (20.04s); timing highly variable (var=337.00); correct streak moderate (12); incorrect streak long (5); consecutive correct occasional (0.54).
vihu826,Accuracy medium (78.95%); speed slow (32.40s); timing highly variable (var=1505.21); correct streak moderate (15); incorrect streak short (3); consecutive correct frequent (0.66).
hata313,Accuracy medium (63.16%); speed moderate (17.30s); timing moderately variable (var=327.90); correct streak moderate (14); incorrect streak long (10); consecutive correct rare (0.50).
hoki309,Accuracy low (54.39%); speed moderate (18.29s); timing highly variable (var=356.28); correct streak short (6); incorrect streak long (5); consecutive correct rare (0.38).
kyzy131,Accuracy low (52.63%); speed moderate (18.32s); timing moderately variable (var=228.06); correct streak short (8); incorrect streak long (7); consecutive correct rare (0.34).
syti148,Accuracy medium (77.19%); speed moderate (17.82s); timing highly variable (var=357.58); correct streak moderate (14); incorrect streak moderate (4); consecutive correct frequent (0.66).
syco853,Accuracy high (87.72%); speed slow (28.78s); timing highly variable (var=936.98); correct streak long (23); incorrect streak short (1); consecutive correct frequent (0.79).
sefy975,Accuracy low (54.39%); speed moderate (17.37s); timing stable (var=62.42); correct streak moderate (12); incorrect streak long (9); consecutive correct rare (0.39).
jese656,Accuracy medium (80.70%); speed moderate (18.83s); timing moderately variable (var=280.20); correct streak moderate (16); incorrect streak short (3); consecutive correct frequent (0.70).
guge611,Accuracy low (56.14%); speed slow (19.76s); timing moderately variable (var=173.90); correct streak short (11); incorrect streak long (9); consecutive correct rare (0.43).
mesi806,Accuracy medium (63.16%); speed slow (30.72s); timing highly variable (var=993.54); correct streak short (9); incorrect streak long (5); consecutive correct rare (0.43).
sesi698,Accuracy medium (80.70%); speed moderate (15.21s); timing moderately variable (var=185.60); correct streak long (21); incorrect streak short (2); consecutive correct frequent (0.68).
gopa505,Accuracy medium (68.42%); speed slow (32.11s); timing highly variable (var=632.69); correct streak long (20); incorrect streak long (5); consecutive correct occasional (0.52).
duwi894,Accuracy medium (78.95%); speed moderate (17.02s); timing highly variable (var=404.10); correct streak moderate (15); incorrect streak short (3); consecutive correct occasional (0.64).
hasa034,Accuracy medium (66.67%); speed slow (29.27s); timing highly variable (var=523.09); correct streak short (7); incorrect streak short (3); consecutive correct rare (0.50).
pile112,Accuracy high (87.72%); speed moderate (16.50s); timing highly variable (var=352.65); correct streak long (22); incorrect streak short (2); consecutive correct frequent (0.79).
sivi804,Accuracy medium (63.16%); speed slow (20.11s); timing moderately variable (var=157.17); correct streak short (8); incorrect streak long (5); consecutive correct rare (0.50).
maho931,Accuracy low (59.65%); speed fast (11.72s); timing highly variable (var=426.33); correct streak moderate (12); incorrect streak long (12); consecutive correct rare (0.43).
waho571,Accuracy medium (64.91%); speed slow (21.40s); timing stable (var=140.24); correct streak moderate (14); incorrect streak long (7); consecutive correct rare (0.48).
mowy859,Accuracy low (54.39%); speed slow (29.19s); timing highly variable (var=786.66); correct streak short (7); incorrect streak long (9); consecutive correct rare (0.41).
rihi168,Accuracy low (42.11%); speed slow (22.01s); timing highly variable (var=859.64); correct streak short (4); incorrect streak long (14); consecutive correct rare (0.20).
siry766,Accuracy medium (71.93%); speed slow (33.17s); timing highly variable (var=1264.12); correct streak moderate (13); incorrect streak moderate (4); consecutive correct occasional (0.57).
qefe646,Accuracy low (45.61%); speed moderate (19.32s); timing highly variable (var=348.61); correct streak short (5); incorrect streak long (14); consecutive correct rare (0.29).
zojo883,Accuracy high (87.72%); speed moderate (15.14s); timing moderately variable (var=163.22); correct streak moderate (16); incorrect streak short (2); consecutive correct frequent (0.79).
dero258,Accuracy medium (80.70%); speed fast (9.84s); timing stable (var=66.83); correct streak long (23); incorrect streak short (3); consecutive correct frequent (0.71).
mika525,Accuracy medium (61.40%); speed moderate (15.39s); timing stable (var=94.55); correct streak short (11); incorrect streak moderate (4); consecutive correct rare (0.46).
xohi599,Accuracy medium (78.95%); speed fast (12.00s); timing stable (var=93.05); correct streak moderate (14); incorrect streak short (3); consecutive correct frequent (0.66).
tebe135,Accuracy medium (64.91%); speed slow (19.88s); timing highly variable (var=726.00); correct streak short (9); incorrect streak long (5); consecutive correct rare (0.48).
naso669,Accuracy low (50.88%); speed fast (13.52s); timing stable (var=74.41); correct streak short (6); incorrect streak long (13); consecutive correct rare (0.34).
qecu035,Accuracy medium (82.46%); speed slow (24.61s); timing highly variable (var=1389.76); correct streak moderate (17); incorrect streak short (3); consecutive correct frequent (0.75).
zywy107,Accuracy medium (66.67%); speed slow (20.81s); timing highly variable (var=414.53); correct streak short (11); incorrect streak moderate (4); consecutive correct occasional (0.52).
cave700,Accuracy low (52.63%); speed moderate (15.13s); timing moderately variable (var=230.01); correct streak short (9); incorrect streak long (9); consecutive correct rare (0.41).
nupy082,Accuracy medium (82.46%); speed fast (13.92s); timing highly variable (var=355.49); correct streak long (26); incorrect streak moderate (4); consecutive correct frequent (0.73).
hoge626,Accuracy high (89.47%); speed fast (13.26s); timing moderately variable (var=178.72); correct streak long (25); incorrect streak short (3); consecutive correct frequent (0.84).
nivo041,Accuracy medium (80.70%); speed slow (24.15s); timing highly variable (var=736.91); correct streak moderate (12); incorrect streak short (2); consecutive correct frequent (0.68).
karo919,Accuracy low (43.86%); speed moderate (16.25s); timing moderately variable (var=255.81); correct streak short (6); incorrect streak long (9); consecutive correct rare (0.30).
vuhe805,Accuracy medium (68.42%); speed slow (22.71s); timing moderately variable (var=198.55); correct streak moderate (12); incorrect streak short (3); consecutive correct occasional (0.52).
kebi083,Accuracy medium (75.44%); speed fast (10.98s); timing stable (var=68.70); correct streak moderate (17); incorrect streak long (5); consecutive correct occasional (0.59).
faly535,Accuracy low (59.65%); speed slow (21.58s); timing moderately variable (var=277.12); correct streak short (11); incorrect streak long (5); consecutive correct rare (0.41).
gelo627,Accuracy low (54.39%); speed fast (14.31s); timing moderately variable (var=190.88); correct streak short (8); incorrect streak long (10); consecutive correct rare (0.34).
vili771,Accuracy medium (80.70%); speed moderate (16.68s); timing moderately variable (var=264.87); correct streak long (23); incorrect streak short (3); consecutive correct frequent (0.70).
katu927,Accuracy medium (75.44%); speed moderate (17.32s); timing moderately variable (var=188.16); correct streak moderate (13); incorrect streak short (3); consecutive correct occasional (0.61).
xiza150,Accuracy low (49.12%); speed fast (12.46s); timing stable (var=71.66); correct streak short (11); incorrect streak long (8); consecutive correct rare (0.39).
bevi590,Accuracy medium (80.70%); speed fast (8.30s); timing stable (var=28.16); correct streak moderate (15); incorrect streak short (3); consecutive correct frequent (0.70).
huve181,Accuracy low (57.89%); speed moderate (18.86s); timing moderately variable (var=296.10); correct streak short (5); incorrect streak long (5); consecutive correct rare (0.36).
fite050,Accuracy medium (82.46%); speed fast (12.75s); timing stable (var=94.87); correct streak long (18); incorrect streak long (5); consecutive correct frequent (0.73).
nysu060,Accuracy medium (78.95%); speed fast (12.78s); timing stable (var=83.09); correct streak long (18); incorrect streak moderate (4); consecutive correct frequent (0.68).
kaho190,Accuracy medium (68.42%); speed slow (24.55s); timing highly variable (var=403.32); correct streak short (11); incorrect streak moderate (4); consecutive correct occasional (0.54).
lany944,Accuracy high (91.23%); speed fast (10.48s); timing stable (var=62.83); correct streak long (44); incorrect streak short (3); consecutive correct frequent (0.88).
maqu534,Accuracy medium (71.93%); speed slow (19.70s); timing highly variable (var=337.42); correct streak moderate (16); incorrect streak long (7); consecutive correct occasional (0.62).
wuga870,Accuracy medium (70.18%); speed slow (22.30s); timing highly variable (var=419.95); correct streak short (9); incorrect streak moderate (4); consecutive correct occasional (0.52).
wyva352,Accuracy medium (77.19%); speed slow (28.06s); timing highly variable (var=588.14); correct streak moderate (15); incorrect streak short (2); consecutive correct occasional (0.62).
hime464,Accuracy medium (71.93%); speed moderate (15.28s); timing stable (var=154.72); correct streak moderate (12); incorrect streak short (3); consecutive correct occasional (0.59).
jexu775,Accuracy medium (73.68%); speed moderate (18.13s); timing moderately variable (var=251.84); correct streak moderate (16); incorrect streak long (5); consecutive correct occasional (0.61).
tuga736,Accuracy medium (61.40%); speed fast (11.69s); timing moderately variable (var=167.80); correct streak short (8); incorrect streak moderate (4); consecutive correct rare (0.41).
hyfe498,Accuracy low (54.39%); speed fast (11.39s); timing stable (var=84.02); correct streak short (8); incorrect streak long (12); consecutive correct rare (0.41).
bomo360,Accuracy medium (84.21%); speed moderate (15.24s); timing moderately variable (var=176.27); correct streak moderate (15); incorrect streak short (2); consecutive correct frequent (0.75).
lomo204,Accuracy high (96.49%); speed moderate (16.52s); timing moderately variable (var=297.99); correct streak long (51); incorrect streak short (2); consecutive correct frequent (0.95).
mipe544,Accuracy medium (75.44%); speed fast (14.05s); timing stable (var=56.50); correct streak moderate (15); incorrect streak short (3); consecutive correct occasional (0.61).
hufy497,Accuracy medium (84.21%); speed fast (10.34s); timing stable (var=145.72); correct streak long (20); incorrect streak short (2); consecutive correct frequent (0.75).
rapo919,Accuracy medium (75.44%); speed fast (11.95s); timing moderately variable (var=285.41); correct streak moderate (12); incorrect streak long (6); consecutive correct occasional (0.64).
gata076,Accuracy low (35.09%); speed slow (22.70s); timing highly variable (var=395.81); correct streak short (6); incorrect streak long (17); consecutive correct rare (0.23).
muvo194,Accuracy low (54.39%); speed slow (28.01s); timing highly variable (var=658.17); correct streak short (10); incorrect streak long (15); consecutive correct rare (0.38).
cywo537,Accuracy medium (71.93%); speed moderate (18.52s); timing moderately variable (var=318.05); correct streak moderate (14); incorrect streak long (5); consecutive correct occasional (0.55).
xamy327,Accuracy medium (61.40%); speed slow (31.39s); timing highly variable (var=1667.30); correct streak moderate (14); incorrect streak long (13); consecutive correct occasional (0.52).
cogu074,Accuracy medium (80.70%); speed slow (19.43s); timing moderately variable (var=324.01); correct streak long (19); incorrect streak short (3); consecutive correct frequent (0.68).
rapo615,Accuracy low (47.37%); speed slow (30.65s); timing highly variable (var=600.75); correct streak short (10); incorrect streak long (19); consecutive correct rare (0.39).
zady580,Accuracy low (59.65%); speed slow (27.18s); timing highly variable (var=706.06); correct streak short (11); incorrect streak long (14); consecutive correct rare (0.48).
nujo284,Accuracy medium (73.68%); speed slow (21.19s); timing highly variable (var=491.21); correct streak short (11); incorrect streak short (3); consecutive correct occasional (0.55).
syzu625,Accuracy medium (66.67%); speed slow (23.75s); timing highly variable (var=1100.69); correct streak long (20); incorrect streak long (5); consecutive correct occasional (0.52).
myte214,Accuracy medium (71.93%); speed slow (30.38s); timing highly variable (var=2182.39); correct streak moderate (12); incorrect streak moderate (4); consecutive correct occasional (0.59).
tyzo440,Accuracy low (57.89%); speed slow (24.26s); timing highly variable (var=449.15); correct streak short (11); incorrect streak long (8); consecutive correct rare (0.41).
vyzo298,Accuracy medium (78.95%); speed fast (14.33s); timing stable (var=104.68); correct streak long (26); incorrect streak short (2); consecutive correct occasional (0.64).
hiwu589,Accuracy medium (66.67%); speed slow (21.69s); timing highly variable (var=1769.19); correct streak short (8); incorrect streak long (7); consecutive correct rare (0.50).
sazy810,Accuracy medium (80.70%); speed moderate (15.72s); timing moderately variable (var=192.67); correct streak long (18); incorrect streak short (3); consecutive correct frequent (0.68).
turi097,Accuracy medium (66.67%); speed fast (13.99s); timing moderately variable (var=232.45); correct streak moderate (17); incorrect streak long (10); consecutive correct occasional (0.55).
foji729,Accuracy medium (73.68%); speed fast (13.37s); timing stable (var=107.37); correct streak moderate (14); incorrect streak short (2); consecutive correct occasional (0.55).
dexe201,Accuracy medium (80.70%); speed moderate (16.82s); timing moderately variable (var=211.15); correct streak short (9); incorrect streak short (2); consecutive correct frequent (0.66).
dosu709,Accuracy medium (71.93%); speed slow (23.54s); timing highly variable (var=462.06); correct streak long (18); incorrect streak long (10); consecutive correct frequent (0.68).
doxe392,Accuracy low (57.89%); speed slow (29.10s); timing highly variable (var=2198.61); correct streak short (8); incorrect streak long (13); consecutive correct rare (0.45).
culu497,Accuracy medium (70.18%); speed slow (21.12s); timing highly variable (var=408.46); correct streak moderate (16); incorrect streak long (5); consecutive correct occasional (0.57).
lije367,Accuracy high (91.23%); speed slow (22.93s); timing highly variable (var=924.50); correct streak long (34); incorrect streak short (2); consecutive correct frequent (0.84).
vice024,Accuracy medium (82.46%); speed fast (9.80s); timing stable (var=53.15); correct streak short (11); incorrect streak short (2); consecutive correct frequent (0.70).
kapy740,Accuracy medium (82.46%); speed slow (19.61s); timing moderately variable (var=285.94); correct streak long (33); incorrect streak moderate (4); consecutive correct frequent (0.71).
vudi262,Accuracy medium (63.16%); speed fast (14.38s); timing moderately variable (var=204.82); correct streak short (11); incorrect streak long (8); consecutive correct rare (0.50).
tuza510,Accuracy medium (64.91%); speed moderate (18.38s); timing moderately variable (var=254.96); correct streak short (6); incorrect streak moderate (4); consecutive correct rare (0.45).
tubo945,Accuracy medium (84.21%); speed fast (11.69s); timing moderately variable (var=158.88); correct streak long (28); incorrect streak short (2); consecutive correct frequent (0.70).
bofi323,Accuracy medium (66.67%); speed slow (21.64s); timing moderately variable (var=242.04); correct streak long (23); incorrect streak long (6); consecutive correct occasional (0.54).
zeji633,Accuracy low (29.82%); speed slow (20.18s); timing highly variable (var=807.07); correct streak short (5); incorrect streak long (20); consecutive correct rare (0.16).
bowo488,Accuracy low (57.89%); speed slow (20.94s); timing highly variable (var=486.62); correct streak moderate (12); incorrect streak long (10); consecutive correct rare (0.46).
pipo687,Accuracy low (35.09%); speed slow (23.50s); timing highly variable (var=861.98); correct streak short (9); incorrect streak long (22); consecutive correct rare (0.23).
core934,Accuracy medium (70.18%); speed slow (22.56s); timing highly variable (var=622.21); correct streak moderate (13); incorrect streak moderate (4); consecutive correct occasional (0.55).
dedu084,Accuracy low (56.14%); speed slow (20.35s); timing moderately variable (var=257.37); correct streak moderate (14); incorrect streak long (22); consecutive correct rare (0.50).
lowa532,Accuracy low (22.81%); speed slow (22.30s); timing moderately variable (var=329.37); correct streak short (5); incorrect streak long (33); consecutive correct rare (0.11).
zuha759,Accuracy low (29.82%); speed slow (22.42s); timing highly variable (var=372.29); correct streak short (4); incorrect streak long (22); consecutive correct rare (0.16).
qafu966,Accuracy low (26.32%); speed slow (27.13s); timing highly variable (var=1397.45); correct streak short (5); incorrect streak long (31); consecutive correct rare (0.16).
lobo127,Accuracy medium (68.42%); speed slow (22.05s); timing highly variable (var=350.12); correct streak long (20); incorrect streak long (6); consecutive correct occasional (0.57).
homa046,Accuracy low (35.09%); speed slow (33.09s); timing highly variable (var=1410.61); correct streak short (7); incorrect streak long (10); consecutive correct rare (0.20).
keno764,Accuracy low (54.39%); speed moderate (15.68s); timing stable (var=31.89); correct streak short (7); incorrect streak long (8); consecutive correct rare (0.34).
habe142,Accuracy medium (77.19%); speed slow (19.81s); timing moderately variable (var=248.16); correct streak moderate (15); incorrect streak moderate (4); consecutive correct occasional (0.64).
joti731,Accuracy high (87.72%); speed fast (12.34s); timing stable (var=114.39); correct streak long (24); incorrect streak short (2); consecutive correct frequent (0.79).
reve265,Accuracy medium (70.18%); speed fast (14.44s); timing stable (var=137.15); correct streak short (11); incorrect streak long (5); consecutive correct occasional (0.54).
cyca115,Accuracy high (87.72%); speed fast (13.74s); timing moderately variable (var=179.44); correct streak long (29); incorrect streak short (2); consecutive correct frequent (0.80).
rawo522,Accuracy high (85.96%); speed moderate (18.31s); timing moderately variable (var=280.86); correct streak long (37); incorrect streak short (3); consecutive correct frequent (0.79).
pogi169,Accuracy high (87.72%); speed slow (29.18s); timing highly variable (var=580.71); correct streak long (30); incorrect streak short (2); consecutive correct frequent (0.80).
vepi727,Accuracy medium (70.18%); speed slow (25.04s); timing moderately variable (var=233.71); correct streak moderate (15); incorrect streak long (5); consecutive correct occasional (0.54).
risy585,Accuracy medium (63.16%); speed moderate (14.81s); timing stable (var=80.42); correct streak moderate (14); incorrect streak short (3); consecutive correct rare (0.46).
fefu774,Accuracy medium (78.95%); speed fast (13.75s); timing stable (var=136.36); correct streak short (11); incorrect streak short (3); consecutive correct occasional (0.64).
wyxo615,Accuracy medium (82.46%); speed moderate (15.37s); timing moderately variable (var=310.98); correct streak moderate (13); incorrect streak short (2); consecutive correct frequent (0.70).
ciby707,Accuracy medium (82.46%); speed slow (24.04s); timing highly variable (var=1753.74); correct streak long (34); incorrect streak short (3); consecutive correct frequent (0.75).
xuvy948,Accuracy high (94.74%); speed moderate (16.43s); timing highly variable (var=946.50); correct streak long (31); incorrect streak short (1); consecutive correct frequent (0.91).
ravy196,Accuracy high (96.49%); speed moderate (18.96s); timing moderately variable (var=227.58); correct streak long (39); incorrect streak short (1); consecutive correct frequent (0.93).
loge702,Accuracy medium (66.67%); speed moderate (16.35s); timing moderately variable (var=189.74); correct streak moderate (15); incorrect streak moderate (4); consecutive correct rare (0.46).
viry492,Accuracy medium (73.68%); speed slow (21.94s); timing moderately variable (var=264.08); correct streak long (22); incorrect streak long (8); consecutive correct occasional (0.64).
gowa049,Accuracy medium (78.95%); speed moderate (18.73s); timing highly variable (var=367.16); correct streak long (23); incorrect streak short (2); consecutive correct occasional (0.64).
vyva107,Accuracy medium (75.44%); speed moderate (15.78s); timing stable (var=129.24); correct streak long (26); incorrect streak moderate (4); consecutive correct occasional (0.62).
duxo262,Accuracy high (85.96%); speed moderate (18.45s); timing stable (var=140.44); correct streak long (24); incorrect streak short (2); consecutive correct frequent (0.77).
peto053,Accuracy high (85.96%); speed fast (14.44s); timing moderately variable (var=160.83); correct streak long (28); incorrect streak short (1); consecutive correct frequent (0.73).
difi858,Accuracy medium (80.70%); speed fast (13.93s); timing moderately variable (var=232.69); correct streak long (20); incorrect streak short (3); consecutive correct frequent (0.71).
xoru423,Accuracy medium (71.93%); speed slow (20.42s); timing moderately variable (var=205.67); correct streak short (11); incorrect streak short (2); consecutive correct occasional (0.54).
wizy437,Accuracy high (87.72%); speed moderate (17.78s); timing highly variable (var=421.29); correct streak moderate (12); incorrect streak short (2); consecutive correct frequent (0.77).
kuge219,Accuracy medium (84.21%); speed moderate (19.01s); timing highly variable (var=648.28); correct streak long (18); incorrect streak short (2); consecutive correct frequent (0.75).
hazu473,Accuracy medium (70.18%); speed slow (19.48s); timing moderately variable (var=255.84); correct streak moderate (13); incorrect streak long (5); consecutive correct occasional (0.55).
gono087,Accuracy medium (71.93%); speed slow (25.89s); timing highly variable (var=396.73); correct streak short (11); incorrect streak short (3); consecutive correct occasional (0.54).
vury347,Accuracy medium (73.68%); speed moderate (16.67s); timing moderately variable (var=252.63); correct streak long (28); incorrect streak short (3); consecutive correct occasional (0.59).
copo281,Accuracy low (33.33%); speed fast (12.95s); timing moderately variable (var=183.32); correct streak short (5); incorrect streak long (26); consecutive correct rare (0.23).
heda014,Accuracy medium (84.21%); speed moderate (16.48s); timing moderately variable (var=313.63); correct streak long (27); incorrect streak short (3); consecutive correct frequent (0.77).
powu461,Accuracy high (87.72%); speed slow (20.79s); timing moderately variable (var=204.25); correct streak long (40); incorrect streak short (2); consecutive correct frequent (0.80).
peqa279,Accuracy medium (82.46%); speed moderate (19.13s); timing moderately variable (var=268.81); correct streak long (38); incorrect streak short (3); consecutive correct frequent (0.75).
lufy687,Accuracy medium (61.40%); speed moderate (18.68s); timing highly variable (var=743.22); correct streak short (11); incorrect streak long (8); consecutive correct rare (0.45).
koze985,Accuracy high (87.72%); speed slow (21.78s); timing moderately variable (var=325.47); correct streak long (31); incorrect streak short (2); consecutive correct frequent (0.80).
hadi890,Accuracy medium (73.68%); speed moderate (17.19s); timing stable (var=130.86); correct streak moderate (16); incorrect streak long (5); consecutive correct occasional (0.61).
recu163,Accuracy medium (80.70%); speed slow (25.05s); timing highly variable (var=959.27); correct streak long (21); incorrect streak short (3); consecutive correct frequent (0.70).
xyzi642,Accuracy high (87.72%); speed slow (25.92s); timing highly variable (var=688.54); correct streak long (30); incorrect streak short (2); consecutive correct frequent (0.80).
nejy388,Accuracy medium (63.16%); speed slow (25.44s); timing highly variable (var=771.72); correct streak short (9); incorrect streak long (8); consecutive correct rare (0.50).
tezy480,Accuracy medium (75.44%); speed fast (11.21s); timing stable (var=75.93); correct streak moderate (15); incorrect streak short (3); consecutive correct occasional (0.59).
nawu690,Accuracy medium (73.68%); speed moderate (17.61s); timing moderately variable (var=189.92); correct streak long (21); incorrect streak long (5); consecutive correct frequent (0.66).
mofe780,Accuracy medium (61.40%); speed slow (25.47s); timing highly variable (var=1018.80); correct streak short (8); incorrect streak long (5); consecutive correct rare (0.41).
nily317,Accuracy low (36.84%); speed slow (32.35s); timing highly variable (var=996.49); correct streak short (5); incorrect streak long (9); consecutive correct rare (0.16).
roho333,Accuracy low (54.39%); speed slow (27.80s); timing highly variable (var=659.90); correct streak moderate (13); incorrect streak long (11); consecutive correct rare (0.41).
xime971,Accuracy low (49.12%); speed moderate (14.67s); timing moderately variable (var=172.65); correct streak short (8); incorrect streak long (17); consecutive correct rare (0.34).
muqo157,Accuracy low (56.14%); speed slow (21.71s); timing highly variable (var=492.31); correct streak short (7); incorrect streak long (6); consecutive correct rare (0.38).
riby296,Accuracy medium (66.67%); speed moderate (17.60s); timing stable (var=125.85); correct streak short (8); incorrect streak long (5); consecutive correct rare (0.48).
pala257,Accuracy medium (77.19%); speed slow (19.94s); timing moderately variable (var=290.50); correct streak long (31); incorrect streak moderate (4); consecutive correct occasional (0.64).
tuby409,Accuracy medium (75.44%); speed fast (14.54s); timing moderately variable (var=193.05); correct streak long (22); incorrect streak long (5); consecutive correct frequent (0.68).
hoxo855,Accuracy medium (64.91%); speed slow (24.59s); timing highly variable (var=489.61); correct streak short (10); incorrect streak moderate (4); consecutive correct rare (0.50).
qixy634,Accuracy high (89.47%); speed slow (28.75s); timing highly variable (var=1277.85); correct streak long (40); incorrect streak short (3); consecutive correct frequent (0.84).
niri091,Accuracy medium (70.18%); speed moderate (19.03s); timing highly variable (var=448.18); correct streak moderate (16); incorrect streak short (3); consecutive correct occasional (0.54).
lazi600,Accuracy medium (82.46%); speed moderate (17.74s); timing stable (var=144.86); correct streak long (18); incorrect streak short (3); consecutive correct frequent (0.71).
qedo478,Accuracy medium (61.40%); speed moderate (18.59s); timing moderately variable (var=199.84); correct streak moderate (14); incorrect streak long (5); consecutive correct rare (0.45).
ruhu758,Accuracy medium (84.21%); speed slow (20.51s); timing moderately variable (var=220.97); correct streak long (23); incorrect streak short (2); consecutive correct frequent (0.71).
cima563,Accuracy high (87.72%); speed slow (26.35s); timing highly variable (var=375.23); correct streak long (29); incorrect streak short (2); consecutive correct frequent (0.80).
lyzy104,Accuracy medium (70.18%); speed slow (22.33s); timing highly variable (var=654.80); correct streak short (8); incorrect streak short (3); consecutive correct rare (0.48).
xafy802,Accuracy medium (75.44%); speed slow (21.63s); timing moderately variable (var=266.57); correct streak moderate (15); incorrect streak short (3); consecutive correct occasional (0.62).
bacy598,Accuracy low (24.56%); speed fast (7.37s); timing stable (var=108.91); correct streak short (6); incorrect streak long (13); consecutive correct rare (0.12).
kexi927,Accuracy low (45.61%); speed fast (12.65s); timing stable (var=61.65); correct streak short (11); incorrect streak long (10); consecutive correct rare (0.34).
cumo221,Accuracy medium (78.95%); speed moderate (19.28s); timing moderately variable (var=231.72); correct streak long (18); incorrect streak short (2); consecutive correct occasional (0.61).
kami789,Accuracy medium (61.40%); speed moderate (18.37s); timing moderately variable (var=329.46); correct streak short (8); incorrect streak short (3); consecutive correct rare (0.38).
zoko875,Accuracy medium (84.21%); speed moderate (15.90s); timing stable (var=144.46); correct streak moderate (16); incorrect streak long (5); consecutive correct frequent (0.77).
sina926,Accuracy medium (77.19%); speed fast (11.84s); timing stable (var=98.48); correct streak long (24); incorrect streak moderate (4); consecutive correct frequent (0.68).
fise899,Accuracy medium (66.67%); speed slow (23.88s); timing moderately variable (var=328.76); correct streak short (8); incorrect streak long (5); consecutive correct occasional (0.52).
cija437,Accuracy medium (82.46%); speed fast (12.24s); timing stable (var=61.91); correct streak moderate (14); incorrect streak short (3); consecutive correct frequent (0.73).
manu258,Accuracy medium (75.44%); speed slow (28.57s); timing highly variable (var=1375.09); correct streak long (20); incorrect streak short (3); consecutive correct frequent (0.66).
zuwa573,Accuracy medium (78.95%); speed moderate (15.26s); timing moderately variable (var=253.78); correct streak moderate (15); incorrect streak moderate (4); consecutive correct frequent (0.66).
joxi410,Accuracy low (56.14%); speed slow (24.14s); timing moderately variable (var=288.05); correct streak short (10); incorrect streak long (8); consecutive correct rare (0.38).
muta539,Accuracy high (98.25%); speed fast (13.25s); timing stable (var=107.27); correct streak long (47); incorrect streak short (1); consecutive correct frequent (0.96).
reqy562,Accuracy high (89.47%); speed slow (20.81s); timing moderately variable (var=215.30); correct streak long (26); incorrect streak short (2); consecutive correct frequent (0.80).
doxe492,Accuracy medium (84.21%); speed slow (23.59s); timing moderately variable (var=267.78); correct streak moderate (15); incorrect streak short (2); consecutive correct frequent (0.73).
gylu244,Accuracy low (52.63%); speed moderate (16.97s); timing stable (var=100.52); correct streak moderate (14); incorrect streak long (11); consecutive correct rare (0.43).
maxy370,Accuracy medium (82.46%); speed moderate (16.77s); timing highly variable (var=363.91); correct streak long (19); incorrect streak moderate (4); consecutive correct frequent (0.75).
ryko512,Accuracy high (87.72%); speed slow (20.42s); timing highly variable (var=334.13); correct streak long (33); incorrect streak short (3); consecutive correct frequent (0.82).
kula014,Accuracy medium (84.21%); speed slow (19.47s); timing moderately variable (var=210.85); correct streak moderate (16); incorrect streak short (3); consecutive correct frequent (0.71).
jeqy595,Accuracy low (59.65%); speed moderate (18.09s); timing moderately variable (var=197.19); correct streak moderate (15); incorrect streak long (8); consecutive correct rare (0.46).
guva627,Accuracy medium (84.21%); speed moderate (17.13s); timing stable (var=148.57); correct streak long (21); incorrect streak short (3); consecutive correct frequent (0.75).
lohy238,Accuracy high (87.72%); speed moderate (15.93s); timing highly variable (var=409.30); correct streak long (25); incorrect streak short (2); consecutive correct frequent (0.82).
cobi870,Accuracy medium (64.91%); speed moderate (17.71s); timing moderately variable (var=253.97); correct streak long (24); incorrect streak long (13); consecutive correct occasional (0.59).
giki066,Accuracy high (92.98%); speed fast (8.96s); timing stable (var=137.63); correct streak long (31); incorrect streak short (2); consecutive correct frequent (0.89).
hywy001,Accuracy medium (73.68%); speed fast (14.03s); timing stable (var=109.13); correct streak moderate (16); incorrect streak short (2); consecutive correct occasional (0.57).
feji918,Accuracy medium (78.95%); speed slow (22.46s); timing highly variable (var=483.72); correct streak long (34); incorrect streak moderate (4); consecutive correct frequent (0.70).
luli756,Accuracy medium (75.44%); speed moderate (17.65s); timing stable (var=147.63); correct streak long (22); incorrect streak moderate (4); consecutive correct frequent (0.66).
wumu083,Accuracy high (87.72%); speed slow (21.60s); timing highly variable (var=432.02); correct streak long (25); incorrect streak short (2); consecutive correct frequent (0.79).
cyga680,Accuracy medium (84.21%); speed fast (12.35s); timing stable (var=110.76); correct streak long (25); incorrect streak moderate (4); consecutive correct frequent (0.75).
buvy316,Accuracy medium (75.44%); speed slow (20.62s); timing highly variable (var=368.25); correct streak short (10); incorrect streak moderate (4); consecutive correct occasional (0.57).
rejy122,Accuracy medium (80.70%); speed slow (22.36s); timing highly variable (var=413.10); correct streak long (26); incorrect streak moderate (4); consecutive correct frequent (0.71).
dusi300,Accuracy medium (82.46%); speed slow (20.82s); timing highly variable (var=421.74); correct streak moderate (13); incorrect streak short (3); consecutive correct frequent (0.73).
howe436,Accuracy medium (82.46%); speed slow (22.34s); timing highly variable (var=390.52); correct streak moderate (13); incorrect streak short (2); consecutive correct frequent (0.70).
ropi792,Accuracy high (87.72%); speed fast (8.57s); timing stable (var=75.10); correct streak long (21); incorrect streak short (1); consecutive correct frequent (0.77).
jemy300,Accuracy high (87.72%); speed fast (13.14s); timing stable (var=148.88); correct streak moderate (17); incorrect streak short (2); consecutive correct frequent (0.79).
qexo432,Accuracy medium (77.19%); speed moderate (16.01s); timing stable (var=149.22); correct streak moderate (14); incorrect streak short (3); consecutive correct occasional (0.64).
kyso927,Accuracy medium (80.70%); speed fast (10.86s); timing moderately variable (var=162.92); correct streak short (10); incorrect streak short (2); consecutive correct frequent (0.68).
cozi663,Accuracy low (42.11%); speed fast (8.76s); timing stable (var=69.67); correct streak short (4); incorrect streak long (5); consecutive correct rare (0.12).
vani542,Accuracy medium (71.93%); speed fast (14.15s); timing moderately variable (var=224.54); correct streak moderate (13); incorrect streak short (3); consecutive correct occasional (0.55).
kaxu871,Accuracy medium (78.95%); speed moderate (18.70s); timing highly variable (var=562.71); correct streak moderate (16); incorrect streak moderate (4); consecutive correct frequent (0.66).
moku835,Accuracy high (85.96%); speed fast (10.21s); timing stable (var=82.11); correct streak moderate (17); incorrect streak short (3); consecutive correct frequent (0.77).
cahe192,Accuracy medium (84.21%); speed fast (12.19s); timing stable (var=126.33); correct streak long (42); incorrect streak short (3); consecutive correct frequent (0.79).
feso129,Accuracy high (89.47%); speed fast (12.71s); timing stable (var=115.23); correct streak long (26); incorrect streak moderate (4); consecutive correct frequent (0.86).
tufa140,Accuracy high (92.98%); speed fast (11.78s); timing stable (var=85.73); correct streak long (19); incorrect streak short (1); consecutive correct frequent (0.88).
zigi489,Accuracy low (57.89%); speed fast (11.89s); timing stable (var=72.12); correct streak short (7); incorrect streak moderate (4); consecutive correct rare (0.38).
dahi696,Accuracy medium (82.46%); speed fast (9.65s); timing stable (var=83.24); correct streak long (31); incorrect streak short (2); consecutive correct frequent (0.71).
quhe482,Accuracy low (50.88%); speed fast (10.60s); timing stable (var=77.53); correct streak short (9); incorrect streak long (5); consecutive correct rare (0.29).
taxa827,Accuracy medium (77.19%); speed fast (9.41s); timing stable (var=85.05); correct streak moderate (14); incorrect streak short (2); consecutive correct occasional (0.62).
vuga321,Accuracy medium (77.19%); speed moderate (16.67s); timing stable (var=98.88); correct streak short (10); incorrect streak short (3); consecutive correct occasional (0.62).
nycu731,Accuracy medium (84.21%); speed fast (12.06s); timing stable (var=69.57); correct streak long (24); incorrect streak short (2); consecutive correct frequent (0.77).
raxy329,Accuracy medium (75.44%); speed fast (13.69s); timing moderately variable (var=216.13); correct streak long (20); incorrect streak short (3); consecutive correct occasional (0.62).
nyfe489,Accuracy high (85.96%); speed moderate (19.32s); timing highly variable (var=453.38); correct streak long (26); incorrect streak short (1); consecutive correct frequent (0.73).
texu966,Accuracy medium (61.40%); speed fast (14.62s); timing stable (var=103.72); correct streak moderate (12); incorrect streak long (5); consecutive correct rare (0.46).
kifo712,Accuracy medium (63.16%); speed fast (10.59s); timing stable (var=106.35); correct streak short (11); incorrect streak long (5); consecutive correct rare (0.50).
pajo050,Accuracy medium (64.91%); speed fast (13.67s); timing moderately variable (var=162.38); correct streak moderate (13); incorrect streak long (13); consecutive correct occasional (0.54).
hefy659,Accuracy medium (64.91%); speed fast (10.99s); timing stable (var=93.25); correct streak short (10); incorrect streak long (5); consecutive correct rare (0.48).
tujy672,Accuracy medium (77.19%); speed fast (13.17s); timing stable (var=78.06); correct streak long (25); incorrect streak long (6); consecutive correct frequent (0.70).
cyfe247,Accuracy low (45.61%); speed fast (14.01s); timing stable (var=147.59); correct streak short (7); incorrect streak long (5); consecutive correct rare (0.23).
xori482,Accuracy medium (71.93%); speed fast (9.78s); timing stable (var=117.53); correct streak moderate (14); incorrect streak long (6); consecutive correct occasional (0.62).
raje697,Accuracy medium (82.46%); speed slow (24.98s); timing moderately variable (var=319.13); correct streak long (19); incorrect streak moderate (4); consecutive correct frequent (0.73).
biwu043,Accuracy medium (63.16%); speed moderate (15.05s); timing stable (var=131.03); correct streak long (23); incorrect streak long (7); consecutive correct occasional (0.52).
cylu852,Accuracy medium (78.95%); speed slow (21.43s); timing highly variable (var=493.31); correct streak moderate (16); incorrect streak short (2); consecutive correct occasional (0.64).
fode209,Accuracy medium (66.67%); speed slow (31.43s); timing highly variable (var=1921.09); correct streak short (10); incorrect streak long (7); consecutive correct occasional (0.54).
woju333,Accuracy medium (64.91%); speed fast (14.56s); timing moderately variable (var=256.79); correct streak moderate (12); incorrect streak long (8); consecutive correct occasional (0.52).
saca329,Accuracy medium (84.21%); speed moderate (18.01s); timing moderately variable (var=282.47); correct streak long (18); incorrect streak short (1); consecutive correct frequent (0.70).
jizi110,Accuracy medium (70.18%); speed moderate (18.84s); timing highly variable (var=791.18); correct streak moderate (12); incorrect streak moderate (4); consecutive correct occasional (0.55).
vyxi492,Accuracy high (91.23%); speed fast (13.57s); timing moderately variable (var=212.71); correct streak long (30); incorrect streak short (2); consecutive correct frequent (0.84).
xehy451,Accuracy medium (75.44%); speed slow (24.61s); timing highly variable (var=643.44); correct streak long (19); incorrect streak short (3); consecutive correct occasional (0.61).
feke878,Accuracy medium (64.91%); speed slow (24.18s); timing highly variable (var=504.18); correct streak moderate (17); incorrect streak moderate (4); consecutive correct rare (0.48).
rozu771,Accuracy medium (66.67%); speed slow (22.38s); timing highly variable (var=957.65); correct streak moderate (14); incorrect streak long (12); consecutive correct occasional (0.57).
duvi856,Accuracy high (91.23%); speed moderate (15.90s); timing highly variable (var=358.65); correct streak long (18); incorrect streak short (2); consecutive correct frequent (0.84).
nexu635,Accuracy medium (71.93%); speed moderate (16.37s); timing moderately variable (var=175.20); correct streak moderate (15); incorrect streak moderate (4); consecutive correct occasional (0.55).
cozi454,Accuracy medium (63.16%); speed slow (24.19s); timing highly variable (var=1097.01); correct streak short (8); incorrect streak moderate (4); consecutive correct rare (0.46).
saze236,Accuracy medium (71.93%); speed slow (22.45s); timing highly variable (var=540.87); correct streak long (20); incorrect streak long (7); consecutive correct occasional (0.62).
quzy338,Accuracy medium (75.44%); speed slow (22.62s); timing moderately variable (var=183.94); correct streak short (10); incorrect streak moderate (4); consecutive correct occasional (0.61).
lula174,Accuracy high (85.96%); speed moderate (16.42s); timing moderately variable (var=156.72); correct streak long (26); incorrect streak short (2); consecutive correct frequent (0.75).
buzo685,Accuracy medium (64.91%); speed moderate (16.11s); timing moderately variable (var=192.46); correct streak short (7); incorrect streak short (3); consecutive correct rare (0.46).
huby293,Accuracy high (91.23%); speed slow (22.89s); timing highly variable (var=600.36); correct streak long (30); incorrect streak short (1); consecutive correct frequent (0.82).
dyhi182,Accuracy medium (71.93%); speed slow (21.38s); timing highly variable (var=482.67); correct streak long (18); incorrect streak short (3); consecutive correct occasional (0.55).
tatu362,Accuracy medium (80.70%); speed slow (24.46s); timing highly variable (var=435.40); correct streak short (11); incorrect streak short (3); consecutive correct frequent (0.68).
bene344,Accuracy medium (77.19%); speed moderate (16.39s); timing highly variable (var=801.09); correct streak short (11); incorrect streak short (3); consecutive correct occasional (0.64).
keho061,Accuracy medium (63.16%); speed moderate (16.27s); timing moderately variable (var=166.06); correct streak short (7); incorrect streak long (5); consecutive correct rare (0.46).
vyxy108,Accuracy medium (66.67%); speed moderate (18.58s); timing moderately variable (var=252.22); correct streak moderate (15); incorrect streak long (7); consecutive correct occasional (0.55).
zusa663,Accuracy medium (84.21%); speed moderate (16.20s); timing moderately variable (var=266.32); correct streak moderate (17); incorrect streak short (3); consecutive correct frequent (0.71).
nehe056,Accuracy high (92.98%); speed fast (13.47s); timing moderately variable (var=216.75); correct streak long (39); incorrect streak short (1); consecutive correct frequent (0.86).
myve834,Accuracy high (94.74%); speed fast (13.43s); timing moderately variable (var=193.94); correct streak long (38); incorrect streak short (1); consecutive correct frequent (0.89).
tyhy481,Accuracy medium (64.91%); speed slow (22.59s); timing highly variable (var=405.29); correct streak moderate (15); incorrect streak long (6); consecutive correct rare (0.50).
sati762,Accuracy medium (66.67%); speed moderate (18.10s); timing highly variable (var=409.80); correct streak long (20); incorrect streak long (6); consecutive correct occasional (0.54).
biku776,Accuracy medium (64.91%); speed moderate (18.90s); timing highly variable (var=470.02); correct streak short (8); incorrect streak moderate (4); consecutive correct rare (0.46).
wify666,Accuracy high (89.47%); speed moderate (18.74s); timing moderately variable (var=186.24); correct streak long (21); incorrect streak short (2); consecutive correct frequent (0.82).
sony276,Accuracy medium (84.21%); speed moderate (16.11s); timing moderately variable (var=235.69); correct streak long (36); incorrect streak moderate (4); consecutive correct frequent (0.77).
tusi463,Accuracy medium (71.93%); speed moderate (18.74s); timing highly variable (var=374.56); correct streak moderate (12); incorrect streak moderate (4); consecutive correct occasional (0.57).
baco446,Accuracy low (56.14%); speed moderate (17.19s); timing stable (var=148.52); correct streak moderate (13); incorrect streak long (10); consecutive correct rare (0.39).
coni238,Accuracy medium (68.42%); speed moderate (17.80s); timing stable (var=99.59); correct streak long (22); incorrect streak long (17); consecutive correct frequent (0.66).
tuvu087,Accuracy low (50.88%); speed moderate (17.43s); timing stable (var=135.77); correct streak moderate (17); incorrect streak long (17); consecutive correct rare (0.45).
vuci475,Accuracy medium (64.91%); speed moderate (16.46s); timing stable (var=83.75); correct streak short (11); incorrect streak long (13); consecutive correct occasional (0.55).
seto741,Accuracy low (28.07%); speed fast (14.24s); timing stable (var=155.08); correct streak short (7); incorrect streak long (14); consecutive correct rare (0.16).
jewe923,Accuracy medium (77.19%); speed moderate (15.96s); timing stable (var=84.96); correct streak long (26); incorrect streak long (5); consecutive correct frequent (0.70).
jaqy340,Accuracy medium (66.67%); speed moderate (16.42s); timing moderately variable (var=204.60); correct streak long (23); incorrect streak long (13); consecutive correct occasional (0.57).
pubu440,Accuracy low (36.84%); speed fast (9.18s); timing stable (var=69.92); correct streak short (7); incorrect streak long (13); consecutive correct rare (0.23).
gyjy255,Accuracy medium (73.68%); speed moderate (14.92s); timing stable (var=91.21); correct streak long (22); incorrect streak long (6); consecutive correct occasional (0.62).
zyte492,Accuracy medium (84.21%); speed fast (12.65s); timing moderately variable (var=168.87); correct streak moderate (13); incorrect streak short (2); consecutive correct frequent (0.71).
ruco451,Accuracy medium (64.91%); speed moderate (18.82s); timing moderately variable (var=296.62); correct streak moderate (14); incorrect streak long (13); consecutive correct occasional (0.55).
loda300,Accuracy medium (66.67%); speed fast (14.45s); timing stable (var=120.10); correct streak long (19); incorrect streak long (10); consecutive correct occasional (0.57).
moly152,Accuracy low (45.61%); speed moderate (15.64s); timing stable (var=143.66); correct streak moderate (14); incorrect streak long (27); consecutive correct rare (0.41).
cuba307,Accuracy medium (71.93%); speed moderate (15.89s); timing moderately variable (var=234.44); correct streak long (22); incorrect streak long (5); consecutive correct occasional (0.59).
jupo405,Accuracy low (50.88%); speed moderate (16.90s); timing stable (var=146.96); correct streak short (7); incorrect streak long (17); consecutive correct rare (0.38).
xuke183,Accuracy medium (71.93%); speed fast (13.42s); timing stable (var=146.25); correct streak moderate (15); incorrect streak moderate (4); consecutive correct occasional (0.57).
mado232,Accuracy low (56.14%); speed slow (20.02s); timing moderately variable (var=162.21); correct streak short (11); incorrect streak long (20); consecutive correct rare (0.46).
zafy372,Accuracy high (89.47%); speed moderate (15.62s); timing stable (var=78.11); correct streak long (18); incorrect streak short (2); consecutive correct frequent (0.82).
gyly160,Accuracy medium (63.16%); speed fast (13.48s); timing stable (var=151.22); correct streak moderate (16); incorrect streak long (5); consecutive correct rare (0.48).
tapi010,Accuracy low (38.60%); speed fast (13.44s); timing stable (var=153.70); correct streak short (6); incorrect streak long (26); consecutive correct rare (0.25).
gelu604,Accuracy high (94.74%); speed fast (11.19s); timing stable (var=105.90); correct streak long (38); incorrect streak short (1); consecutive correct frequent (0.91).
qiqi041,Accuracy medium (63.16%); speed moderate (14.86s); timing stable (var=123.21); correct streak moderate (16); incorrect streak long (13); consecutive correct occasional (0.57).
ratu271,Accuracy medium (70.18%); speed fast (14.66s); timing highly variable (var=332.56); correct streak long (19); incorrect streak moderate (4); consecutive correct occasional (0.61).
kyqu130,Accuracy medium (82.46%); speed fast (12.29s); timing stable (var=116.73); correct streak long (18); incorrect streak short (3); consecutive correct frequent (0.73).
lucu601,Accuracy medium (82.46%); speed fast (12.72s); timing stable (var=73.49); correct streak long (33); incorrect streak short (3); consecutive correct frequent (0.68).
kama922,Accuracy medium (71.93%); speed moderate (16.03s); timing highly variable (var=399.81); correct streak short (11); incorrect streak moderate (4); consecutive correct occasional (0.55).
zoma564,Accuracy medium (75.44%); speed fast (10.99s); timing stable (var=148.86); correct streak moderate (15); incorrect streak long (6); consecutive correct occasional (0.64).
puju088,Accuracy medium (73.68%); speed slow (24.06s); timing highly variable (var=538.09); correct streak moderate (12); incorrect streak short (3); consecutive correct occasional (0.59).
jufy997,Accuracy medium (84.21%); speed slow (19.74s); timing highly variable (var=990.17); correct streak moderate (16); incorrect streak short (3); consecutive correct frequent (0.75).
wyja070,Accuracy medium (77.19%); speed moderate (16.44s); timing highly variable (var=579.84); correct streak short (11); incorrect streak moderate (4); consecutive correct occasional (0.64).
dasy955,Accuracy medium (70.18%); speed fast (13.76s); timing stable (var=118.45); correct streak moderate (14); incorrect streak short (3); consecutive correct occasional (0.52).
wyki565,Accuracy medium (63.16%); speed fast (9.01s); timing stable (var=22.30); correct streak moderate (12); incorrect streak moderate (4); consecutive correct rare (0.46).
garu074,Accuracy medium (82.46%); speed fast (10.81s); timing stable (var=105.51); correct streak moderate (17); incorrect streak moderate (4); consecutive correct frequent (0.71).
qyxy586,Accuracy medium (78.95%); speed moderate (17.67s); timing highly variable (var=369.87); correct streak long (30); incorrect streak moderate (4); consecutive correct frequent (0.71).
kegi864,Accuracy high (87.72%); speed fast (10.95s); timing moderately variable (var=169.09); correct streak long (22); incorrect streak short (2); consecutive correct frequent (0.79).
gyge774,Accuracy medium (75.44%); speed fast (14.13s); timing moderately variable (var=161.46); correct streak long (20); incorrect streak short (3); consecutive correct occasional (0.61).
vyda893,Accuracy low (21.05%); speed fast (3.82s); timing stable (var=9.34); correct streak short (4); incorrect streak long (30); consecutive correct rare (0.09).
vuvy608,Accuracy medium (84.21%); speed moderate (16.44s); timing highly variable (var=507.86); correct streak long (21); incorrect streak short (2); consecutive correct frequent (0.71).
vizo712,Accuracy medium (78.95%); speed fast (9.78s); timing stable (var=67.49); correct streak moderate (16); incorrect streak short (2); consecutive correct occasional (0.64).
givi158,Accuracy medium (64.91%); speed slow (21.59s); timing highly variable (var=509.91); correct streak short (8); incorrect streak long (5); consecutive correct rare (0.48).
caro445,Accuracy medium (78.95%); speed moderate (17.98s); timing moderately variable (var=213.60); correct streak long (22); incorrect streak moderate (4); consecutive correct frequent (0.68).
nene689,Accuracy high (85.96%); speed moderate (16.91s); timing highly variable (var=347.44); correct streak long (18); incorrect streak short (2); consecutive correct frequent (0.75).
ryfy568,Accuracy medium (64.91%); speed fast (13.10s); timing stable (var=155.34); correct streak short (8); incorrect streak short (3); consecutive correct rare (0.41).
johy783,Accuracy low (49.12%); speed slow (21.40s); timing highly variable (var=473.97); correct streak short (8); incorrect streak long (6); consecutive correct rare (0.30).
sulo956,Accuracy medium (64.91%); speed slow (20.42s); timing highly variable (var=428.06); correct streak short (11); incorrect streak moderate (4); consecutive correct rare (0.48).
gony054,Accuracy medium (82.46%); speed moderate (17.74s); timing highly variable (var=337.73); correct streak moderate (14); incorrect streak short (3); consecutive correct frequent (0.73).
puca767,Accuracy medium (73.68%); speed slow (20.40s); timing highly variable (var=389.29); correct streak moderate (13); incorrect streak short (3); consecutive correct occasional (0.55).
baky109,Accuracy low (45.61%); speed moderate (14.96s); timing stable (var=135.93); correct streak short (7); incorrect streak long (13); consecutive correct rare (0.32).
mabo887,Accuracy medium (73.68%); speed moderate (16.67s); timing moderately variable (var=299.06); correct streak moderate (13); incorrect streak moderate (4); consecutive correct occasional (0.59).
cona428,Accuracy medium (78.95%); speed moderate (17.64s); timing highly variable (var=1082.30); correct streak long (25); incorrect streak short (3); consecutive correct frequent (0.66).
lilo882,Accuracy medium (75.44%); speed moderate (19.16s); timing moderately variable (var=287.14); correct streak moderate (14); incorrect streak short (3); consecutive correct occasional (0.59).
gycy436,Accuracy medium (73.68%); speed moderate (15.37s); timing moderately variable (var=176.25); correct streak long (22); incorrect streak long (7); consecutive correct occasional (0.61).
jyri631,Accuracy medium (80.70%); speed slow (21.54s); timing highly variable (var=761.83); correct streak long (18); incorrect streak short (3); consecutive correct frequent (0.70).
safu128,Accuracy high (87.72%); speed slow (23.33s); timing moderately variable (var=298.45); correct streak long (32); incorrect streak short (3); consecutive correct frequent (0.80).
fore104,Accuracy medium (80.70%); speed moderate (18.59s); timing moderately variable (var=219.64); correct streak moderate (17); incorrect streak short (2); consecutive correct frequent (0.66).
zabe850,Accuracy medium (82.46%); speed moderate (18.11s); timing moderately variable (var=212.57); correct streak long (21); incorrect streak short (2); consecutive correct frequent (0.70).
woci389,Accuracy medium (77.19%); speed slow (20.63s); timing highly variable (var=451.51); correct streak moderate (13); incorrect streak short (3); consecutive correct occasional (0.59).
kygi723,Accuracy medium (75.44%); speed slow (19.69s); timing highly variable (var=330.34); correct streak long (18); incorrect streak long (6); consecutive correct frequent (0.66).
qejy219,Accuracy high (87.72%); speed moderate (15.30s); timing moderately variable (var=206.22); correct streak moderate (17); incorrect streak short (2); consecutive correct frequent (0.79).
jago498,Accuracy medium (78.95%); speed moderate (16.40s); timing highly variable (var=342.94); correct streak moderate (13); incorrect streak short (3); consecutive correct frequent (0.66).
buby593,Accuracy medium (80.70%); speed fast (12.67s); timing stable (var=115.36); correct streak long (26); incorrect streak short (3); consecutive correct frequent (0.68).
dapu822,Accuracy medium (78.95%); speed slow (22.58s); timing highly variable (var=1170.62); correct streak moderate (12); incorrect streak moderate (4); consecutive correct frequent (0.66).
sugu976,Accuracy low (59.65%); speed fast (10.60s); timing stable (var=103.43); correct streak short (11); incorrect streak long (8); consecutive correct rare (0.46).
wuxa997,Accuracy medium (63.16%); speed slow (22.47s); timing moderately variable (var=206.19); correct streak moderate (12); incorrect streak long (13); consecutive correct occasional (0.54).
tiqy778,Accuracy medium (78.95%); speed fast (14.34s); timing stable (var=154.65); correct streak long (25); incorrect streak short (2); consecutive correct occasional (0.64).
xyfe491,Accuracy low (42.11%); speed moderate (15.06s); timing moderately variable (var=157.49); correct streak short (6); incorrect streak long (8); consecutive correct rare (0.21).
ryhy064,Accuracy medium (84.21%); speed fast (14.44s); timing moderately variable (var=247.23); correct streak long (35); incorrect streak moderate (4); consecutive correct frequent (0.77).
kufi222,Accuracy medium (71.93%); speed fast (11.36s); timing stable (var=51.34); correct streak long (20); incorrect streak long (6); consecutive correct occasional (0.57).
xaja332,Accuracy medium (73.68%); speed moderate (17.46s); timing moderately variable (var=230.37); correct streak moderate (17); incorrect streak long (5); consecutive correct occasional (0.62).
fofa613,Accuracy low (57.89%); speed fast (11.40s); timing stable (var=29.81); correct streak short (9); incorrect streak long (9); consecutive correct rare (0.45).
viba035,Accuracy low (56.14%); speed moderate (17.99s); timing moderately variable (var=161.07); correct streak moderate (12); incorrect streak long (10); consecutive correct rare (0.41).
qewy924,Accuracy medium (80.70%); speed fast (10.80s); timing stable (var=54.49); correct streak moderate (14); incorrect streak moderate (4); consecutive correct frequent (0.71).
pytu496,Accuracy medium (68.42%); speed fast (14.43s); timing moderately variable (var=177.72); correct streak moderate (13); incorrect streak moderate (4); consecutive correct occasional (0.52).
tosa657,Accuracy medium (84.21%); speed fast (11.91s); timing stable (var=122.20); correct streak moderate (15); incorrect streak short (2); consecutive correct frequent (0.73).
keri121,Accuracy high (94.74%); speed fast (12.63s); timing stable (var=94.16); correct streak long (49); incorrect streak short (2); consecutive correct frequent (0.93).
bofi991,Accuracy medium (61.40%); speed moderate (16.53s); timing moderately variable (var=166.94); correct streak moderate (12); incorrect streak long (7); consecutive correct rare (0.46).
bihi184,Accuracy low (17.54%); speed fast (12.84s); timing stable (var=141.88); correct streak short (5); incorrect streak long (36); consecutive correct rare (0.11).
piro376,Accuracy medium (73.68%); speed slow (23.52s); timing highly variable (var=497.17); correct streak long (21); incorrect streak long (5); consecutive correct occasional (0.62).
zejy480,Accuracy low (54.39%); speed moderate (16.57s); timing highly variable (var=384.37); correct streak short (6); incorrect streak long (6); consecutive correct rare (0.39).
zapy404,Accuracy medium (63.16%); speed slow (19.84s); timing moderately variable (var=206.98); correct streak short (11); incorrect streak long (6); consecutive correct rare (0.46).
lusi512,Accuracy medium (68.42%); speed slow (23.41s); timing highly variable (var=346.85); correct streak moderate (12); incorrect streak long (8); consecutive correct occasional (0.57).
sedo490,Accuracy low (28.07%); speed moderate (16.63s); timing stable (var=121.11); correct streak short (4); incorrect streak long (12); consecutive correct rare (0.14).
davu999,Accuracy medium (75.44%); speed moderate (15.93s); timing moderately variable (var=229.49); correct streak moderate (12); incorrect streak short (3); consecutive correct occasional (0.59).
buby236,Accuracy low (28.07%); speed fast (11.48s); timing moderately variable (var=165.09); correct streak short (11); incorrect streak long (23); consecutive correct rare (0.20).
weru214,Accuracy medium (77.19%); speed fast (14.31s); timing stable (var=108.65); correct streak moderate (12); incorrect streak short (3); consecutive correct occasional (0.62).
tyly265,Accuracy low (35.09%); speed slow (19.73s); timing highly variable (var=543.32); correct streak short (4); incorrect streak long (17); consecutive correct rare (0.20).
nise834,Accuracy low (26.32%); speed moderate (15.34s); timing moderately variable (var=170.05); correct streak short (8); incorrect streak long (21); consecutive correct rare (0.18).
voxy002,Accuracy low (24.56%); speed fast (6.07s); timing stable (var=39.36); correct streak short (6); incorrect streak long (25); consecutive correct rare (0.14).
fypi681,Accuracy medium (68.42%); speed moderate (16.51s); timing highly variable (var=433.53); correct streak short (9); incorrect streak long (6); consecutive correct occasional (0.54).
xopa120,Accuracy low (24.56%); speed fast (13.48s); timing stable (var=148.65); correct streak short (7); incorrect streak long (36); consecutive correct rare (0.16).
wari483,Accuracy medium (64.91%); speed slow (23.92s); timing moderately variable (var=200.28); correct streak long (21); incorrect streak long (9); consecutive correct occasional (0.55).
kegy317,Accuracy medium (75.44%); speed fast (14.35s); timing moderately variable (var=163.00); correct streak long (21); incorrect streak short (3); consecutive correct occasional (0.62).
geka905,Accuracy medium (75.44%); speed slow (22.31s); timing highly variable (var=352.70); correct streak long (21); incorrect streak short (3); consecutive correct occasional (0.61).
lore323,Accuracy low (35.09%); speed moderate (17.14s); timing stable (var=116.46); correct streak short (5); incorrect streak long (9); consecutive correct rare (0.18).
vane668,Accuracy high (87.72%); speed slow (27.21s); timing highly variable (var=701.10); correct streak long (23); incorrect streak short (2); consecutive correct frequent (0.80).
zuxy510,Accuracy low (10.53%); speed fast (14.25s); timing stable (var=142.98); correct streak short (2); incorrect streak long (26); consecutive correct rare (0.04).
masu336,Accuracy medium (73.68%); speed fast (13.02s); timing stable (var=81.85); correct streak short (11); incorrect streak short (3); consecutive correct occasional (0.62).
xise560,Accuracy medium (68.42%); speed moderate (17.73s); timing moderately variable (var=166.52); correct streak short (11); incorrect streak long (5); consecutive correct occasional (0.54).
zomi496,Accuracy low (59.65%); speed slow (24.93s); timing highly variable (var=704.22); correct streak short (6); incorrect streak long (5); consecutive correct rare (0.36).
lilu285,Accuracy low (24.56%); speed slow (26.80s); timing highly variable (var=645.13); correct streak short (3); incorrect streak long (15); consecutive correct rare (0.07).
heqi003,Accuracy low (21.05%); speed fast (14.27s); timing highly variable (var=374.22); correct streak short (5); incorrect streak long (30); consecutive correct rare (0.12).
jise415,Accuracy high (87.72%); speed fast (11.45s); timing stable (var=133.69); correct streak long (26); incorrect streak short (2); consecutive correct frequent (0.79).
vabe169,Accuracy high (87.72%); speed moderate (15.13s); timing moderately variable (var=158.80); correct streak long (26); incorrect streak short (3); consecutive correct frequent (0.80).
kofa904,Accuracy low (47.37%); speed slow (21.89s); timing highly variable (var=617.62); correct streak short (6); incorrect streak long (8); consecutive correct rare (0.30).
peqo117,Accuracy low (17.54%); speed fast (14.41s); timing stable (var=134.97); correct streak short (4); incorrect streak long (37); consecutive correct rare (0.09).
gaho243,Accuracy medium (73.68%); speed slow (21.36s); timing moderately variable (var=288.40); correct streak moderate (14); incorrect streak moderate (4); consecutive correct occasional (0.61).
mude815,Accuracy low (31.58%); speed fast (9.63s); timing stable (var=69.79); correct streak short (4); incorrect streak long (15); consecutive correct rare (0.16).
raxe285,Accuracy medium (64.91%); speed fast (11.68s); timing stable (var=129.95); correct streak moderate (14); incorrect streak long (9); consecutive correct occasional (0.57).
qami382,Accuracy medium (82.46%); speed moderate (18.88s); timing moderately variable (var=325.60); correct streak moderate (15); incorrect streak short (2); consecutive correct frequent (0.66).
bebo956,Accuracy low (45.61%); speed slow (21.89s); timing moderately variable (var=303.41); correct streak short (5); incorrect streak long (14); consecutive correct rare (0.29).
cofi309,Accuracy medium (77.19%); speed slow (28.60s); timing highly variable (var=685.52); correct streak long (29); incorrect streak short (3); consecutive correct frequent (0.66).
buqe642,Accuracy medium (82.46%); speed fast (13.78s); timing moderately variable (var=166.12); correct streak moderate (15); incorrect streak short (2); consecutive correct frequent (0.70).
vuzo690,Accuracy medium (70.18%); speed slow (22.27s); timing highly variable (var=712.24); correct streak moderate (12); incorrect streak short (3); consecutive correct occasional (0.55).
posy958,Accuracy medium (80.70%); speed moderate (15.66s); timing moderately variable (var=187.59); correct streak long (26); incorrect streak long (10); consecutive correct frequent (0.79).
gaga585,Accuracy medium (70.18%); speed fast (14.09s); timing stable (var=121.74); correct streak long (21); incorrect streak moderate (4); consecutive correct occasional (0.57).
vopa930,Accuracy medium (71.93%); speed moderate (17.29s); timing moderately variable (var=235.37); correct streak short (11); incorrect streak short (3); consecutive correct occasional (0.54).
xutu412,Accuracy high (94.74%); speed moderate (15.19s); timing moderately variable (var=235.44); correct streak long (32); incorrect streak short (1); consecutive correct frequent (0.91).
doxi119,Accuracy low (42.11%); speed moderate (15.23s); timing highly variable (var=410.26); correct streak short (5); incorrect streak long (9); consecutive correct rare (0.21).
feqy379,Accuracy medium (78.95%); speed moderate (16.29s); timing stable (var=154.48); correct streak long (20); incorrect streak moderate (4); consecutive correct frequent (0.68).
xypo299,Accuracy low (42.11%); speed slow (20.11s); timing moderately variable (var=286.99); correct streak short (8); incorrect streak long (13); consecutive correct rare (0.30).
gahu141,Accuracy high (85.96%); speed fast (13.05s); timing stable (var=146.80); correct streak moderate (16); incorrect streak short (2); consecutive correct frequent (0.75).
kyse146,Accuracy medium (84.21%); speed moderate (15.08s); timing moderately variable (var=266.61); correct streak long (24); incorrect streak short (2); consecutive correct frequent (0.73).
sedi312,Accuracy medium (77.19%); speed moderate (14.74s); timing stable (var=154.02); correct streak moderate (17); incorrect streak short (3); consecutive correct frequent (0.66).
nasi298,Accuracy high (87.72%); speed moderate (16.11s); timing moderately variable (var=251.74); correct streak long (31); incorrect streak short (2); consecutive correct frequent (0.79).
naky151,Accuracy medium (61.40%); speed slow (28.11s); timing highly variable (var=1213.18); correct streak short (10); incorrect streak long (8); consecutive correct rare (0.45).
koqa816,Accuracy high (94.74%); speed moderate (16.29s); timing moderately variable (var=167.68); correct streak long (33); incorrect streak short (1); consecutive correct frequent (0.89).
sila763,Accuracy medium (82.46%); speed moderate (16.14s); timing stable (var=135.01); correct streak long (30); incorrect streak short (2); consecutive correct frequent (0.70).
pody147,Accuracy medium (82.46%); speed fast (14.17s); timing moderately variable (var=208.81); correct streak long (33); incorrect streak short (3); consecutive correct frequent (0.73).
voza333,Accuracy high (89.47%); speed moderate (15.23s); timing stable (var=94.27); correct streak long (22); incorrect streak short (2); consecutive correct frequent (0.84).
tiro932,Accuracy medium (75.44%); speed moderate (16.57s); timing moderately variable (var=232.26); correct streak moderate (15); incorrect streak short (2); consecutive correct occasional (0.59).
wujy562,Accuracy medium (80.70%); speed moderate (15.95s); timing highly variable (var=540.05); correct streak moderate (15); incorrect streak short (3); consecutive correct frequent (0.68).
hamu369,Accuracy medium (84.21%); speed slow (23.01s); timing highly variable (var=707.72); correct streak long (25); incorrect streak short (2); consecutive correct frequent (0.75).
nape687,Accuracy low (29.82%); speed slow (20.12s); timing highly variable (var=341.32); correct streak short (8); incorrect streak long (11); consecutive correct rare (0.18).
gevi782,Accuracy medium (73.68%); speed slow (22.10s); timing highly variable (var=385.33); correct streak long (22); incorrect streak long (8); consecutive correct occasional (0.61).
qoha890,Accuracy high (94.74%); speed fast (13.18s); timing stable (var=117.09); correct streak long (30); incorrect streak short (2); consecutive correct frequent (0.93).
fili803,Accuracy high (85.96%); speed fast (14.29s); timing stable (var=111.58); correct streak long (34); incorrect streak short (3); consecutive correct frequent (0.80).
puce552,Accuracy low (54.39%); speed moderate (18.97s); timing stable (var=48.45); correct streak short (7); incorrect streak long (6); consecutive correct rare (0.32).
buny935,Accuracy medium (75.44%); speed fast (13.11s); timing stable (var=116.85); correct streak long (21); incorrect streak moderate (4); consecutive correct occasional (0.64).
pimi228,Accuracy medium (66.67%); speed moderate (16.71s); timing highly variable (var=434.13); correct streak short (10); incorrect streak short (3); consecutive correct rare (0.46).
kyjo289,Accuracy medium (77.19%); speed slow (21.41s); timing moderately variable (var=208.23); correct streak long (20); incorrect streak short (3); consecutive correct occasional (0.64).
bepo134,Accuracy medium (78.95%); speed moderate (15.33s); timing stable (var=99.15); correct streak long (27); incorrect streak long (5); consecutive correct frequent (0.70).
kise589,Accuracy medium (78.95%); speed slow (21.95s); timing moderately variable (var=320.35); correct streak long (24); incorrect streak short (3); consecutive correct frequent (0.70).
remi231,Accuracy medium (66.67%); speed slow (19.46s); timing moderately variable (var=287.76); correct streak short (10); incorrect streak long (5); consecutive correct rare (0.46).
qyjo579,Accuracy medium (75.44%); speed moderate (16.32s); timing highly variable (var=560.35); correct streak short (9); incorrect streak short (3); consecutive correct occasional (0.59).
cyhu257,Accuracy low (54.39%); speed moderate (16.17s); timing stable (var=69.99); correct streak moderate (12); incorrect streak long (8); consecutive correct rare (0.39).
diha837,Accuracy medium (75.44%); speed fast (14.33s); timing moderately variable (var=207.88); correct streak moderate (13); incorrect streak short (2); consecutive correct occasional (0.55).
ware232,Accuracy high (89.47%); speed slow (20.02s); timing highly variable (var=381.39); correct streak long (29); incorrect streak short (2); consecutive correct frequent (0.80).
hyge979,Accuracy medium (80.70%); speed moderate (17.84s); timing highly variable (var=541.07); correct streak moderate (16); incorrect streak short (2); consecutive correct frequent (0.66).
biqe951,Accuracy medium (75.44%); speed moderate (15.21s); timing stable (var=107.60); correct streak moderate (12); incorrect streak moderate (4); consecutive correct occasional (0.62).
jide437,Accuracy high (89.47%); speed moderate (17.29s); timing moderately variable (var=234.23); correct streak long (20); incorrect streak short (1); consecutive correct frequent (0.80).
zipu412,Accuracy medium (78.95%); speed fast (11.98s); timing stable (var=120.51); correct streak long (18); incorrect streak short (3); consecutive correct occasional (0.64).
vate767,Accuracy medium (78.95%); speed fast (14.08s); timing moderately variable (var=187.37); correct streak long (20); incorrect streak short (2); consecutive correct occasional (0.64).
mefy253,Accuracy medium (80.70%); speed slow (22.31s); timing highly variable (var=488.10); correct streak moderate (17); incorrect streak moderate (4); consecutive correct frequent (0.73).
qafe413,Accuracy low (59.65%); speed fast (13.75s); timing stable (var=82.51); correct streak short (8); incorrect streak long (5); consecutive correct rare (0.41).
lota555,Accuracy low (28.07%); speed fast (12.90s); timing stable (var=92.55); correct streak short (3); incorrect streak long (14); consecutive correct rare (0.12).
mecu237,Accuracy medium (75.44%); speed moderate (18.81s); timing highly variable (var=479.87); correct streak moderate (16); incorrect streak short (3); consecutive correct occasional (0.64).
cidy099,Accuracy high (87.72%); speed fast (13.11s); timing stable (var=119.81); correct streak long (24); incorrect streak short (2); consecutive correct frequent (0.79).
xoba600,Accuracy medium (82.46%); speed fast (14.44s); timing highly variable (var=416.01); correct streak moderate (16); incorrect streak moderate (4); consecutive correct frequent (0.75).
joce161,Accuracy low (29.82%); speed fast (5.12s); timing stable (var=6.47); correct streak short (3); incorrect streak long (10); consecutive correct rare (0.14).
kywu572,Accuracy high (85.96%); speed fast (13.33s); timing stable (var=139.11); correct streak long (33); incorrect streak short (3); consecutive correct frequent (0.77).
jefi901,Accuracy medium (84.21%); speed fast (11.87s); timing stable (var=142.90); correct streak moderate (16); incorrect streak short (2); consecutive correct frequent (0.75).
mari840,Accuracy medium (75.44%); speed moderate (19.37s); timing highly variable (var=768.62); correct streak long (25); incorrect streak long (5); consecutive correct occasional (0.64).
nypy058,Accuracy medium (61.40%); speed fast (13.31s); timing stable (var=75.70); correct streak moderate (12); incorrect streak long (12); consecutive correct occasional (0.52).
rino885,Accuracy medium (77.19%); speed fast (10.74s); timing stable (var=83.06); correct streak long (22); incorrect streak short (3); consecutive correct occasional (0.64).
maju644,Accuracy low (57.89%); speed fast (10.95s); timing moderately variable (var=163.35); correct streak short (11); incorrect streak long (13); consecutive correct rare (0.48).
qosy291,Accuracy medium (77.19%); speed fast (10.45s); timing stable (var=66.76); correct streak moderate (13); incorrect streak short (2); consecutive correct occasional (0.62).
posy537,Accuracy high (85.96%); speed fast (11.43s); timing stable (var=113.63); correct streak long (23); incorrect streak short (2); consecutive correct frequent (0.75).
xoki390,Accuracy low (56.14%); speed fast (14.62s); timing moderately variable (var=295.05); correct streak short (9); incorrect streak long (6); consecutive correct rare (0.39).
fagi164,Accuracy low (59.65%); speed moderate (18.10s); timing stable (var=119.15); correct streak short (5); incorrect streak long (5); consecutive correct rare (0.39).
zozy719,Accuracy medium (78.95%); speed moderate (18.07s); timing moderately variable (var=176.24); correct streak long (27); incorrect streak long (5); consecutive correct frequent (0.71).
bopa107,Accuracy medium (78.95%); speed fast (10.18s); timing stable (var=26.81); correct streak long (31); incorrect streak long (5); consecutive correct frequent (0.71).
jyly989,Accuracy medium (66.67%); speed fast (8.78s); timing stable (var=70.38); correct streak short (11); incorrect streak short (3); consecutive correct rare (0.48).
togu404,Accuracy medium (77.19%); speed moderate (18.22s); timing stable (var=132.57); correct streak long (18); incorrect streak moderate (4); consecutive correct occasional (0.64).
gosa272,Accuracy medium (63.16%); speed moderate (14.76s); timing moderately variable (var=267.57); correct streak moderate (15); incorrect streak long (7); consecutive correct rare (0.46).
fovo989,Accuracy medium (84.21%); speed fast (14.43s); timing moderately variable (var=244.38); correct streak moderate (17); incorrect streak short (3); consecutive correct frequent (0.75).
sira606,Accuracy medium (71.93%); speed moderate (14.76s); timing stable (var=135.93); correct streak long (18); incorrect streak long (6); consecutive correct frequent (0.66).
loby351,Accuracy medium (71.93%); speed moderate (16.74s); timing moderately variable (var=159.30); correct streak moderate (17); incorrect streak long (5); consecutive correct occasional (0.62).
fike806,Accuracy medium (73.68%); speed fast (11.01s); timing stable (var=113.86); correct streak long (22); incorrect streak long (8); consecutive correct occasional (0.62).
fafe171,Accuracy low (45.61%); speed slow (22.21s); timing highly variable (var=433.71); correct streak short (6); incorrect streak long (15); consecutive correct rare (0.25).
zyvo780,Accuracy medium (82.46%); speed moderate (16.27s); timing stable (var=128.56); correct streak long (21); incorrect streak short (3); consecutive correct frequent (0.71).
xune455,Accuracy medium (73.68%); speed fast (14.17s); timing moderately variable (var=246.35); correct streak moderate (15); incorrect streak long (5); consecutive correct occasional (0.61).
vamu972,Accuracy high (85.96%); speed fast (14.44s); timing moderately variable (var=328.79); correct streak long (24); incorrect streak short (3); consecutive correct frequent (0.79).
suzo040,Accuracy medium (68.42%); speed slow (23.65s); timing highly variable (var=1223.22); correct streak moderate (12); incorrect streak moderate (4); consecutive correct rare (0.50).
wype120,Accuracy medium (66.67%); speed fast (14.01s); timing moderately variable (var=296.28); correct streak moderate (17); incorrect streak long (12); consecutive correct occasional (0.57).
jicu869,Accuracy medium (64.91%); speed moderate (16.28s); timing stable (var=145.59); correct streak moderate (14); incorrect streak long (7); consecutive correct rare (0.50).
wero373,Accuracy medium (80.70%); speed moderate (15.09s); timing stable (var=144.42); correct streak moderate (15); incorrect streak short (3); consecutive correct frequent (0.70).
juqo313,Accuracy medium (82.46%); speed fast (11.37s); timing stable (var=78.18); correct streak long (29); incorrect streak moderate (4); consecutive correct frequent (0.75).
vexo008,Accuracy low (54.39%); speed slow (20.65s); timing highly variable (var=398.18); correct streak short (8); incorrect streak long (6); consecutive correct rare (0.36).
punu787,Accuracy low (42.11%); speed slow (23.83s); timing moderately variable (var=297.10); correct streak short (8); incorrect streak long (8); consecutive correct rare (0.27).
tomo782,Accuracy low (15.79%); speed moderate (16.06s); timing stable (var=95.17); correct streak short (3); incorrect streak long (22); consecutive correct rare (0.05).
cupe992,Accuracy low (31.58%); speed moderate (17.96s); timing moderately variable (var=229.44); correct streak short (7); incorrect streak long (11); consecutive correct rare (0.18).
kyjo535,Accuracy medium (68.42%); speed fast (14.35s); timing stable (var=108.60); correct streak moderate (15); incorrect streak moderate (4); consecutive correct occasional (0.54).
raja244,Accuracy medium (66.67%); speed moderate (15.63s); timing moderately variable (var=166.05); correct streak short (10); incorrect streak long (5); consecutive correct occasional (0.54).
pino324,Accuracy medium (71.93%); speed slow (27.58s); timing highly variable (var=954.72); correct streak moderate (15); incorrect streak long (5); consecutive correct occasional (0.59).
qutu379,Accuracy low (50.88%); speed fast (14.04s); timing moderately variable (var=258.98); correct streak moderate (12); incorrect streak long (15); consecutive correct rare (0.36).
nolu547,Accuracy medium (61.40%); speed slow (25.11s); timing highly variable (var=1420.61); correct streak short (8); incorrect streak moderate (4); consecutive correct rare (0.38).
cape571,Accuracy low (38.60%); speed moderate (18.57s); timing stable (var=120.70); correct streak short (6); incorrect streak long (11); consecutive correct rare (0.21).
coma628,Accuracy medium (77.19%); speed slow (20.30s); timing moderately variable (var=274.26); correct streak moderate (13); incorrect streak short (3); consecutive correct occasional (0.61).
mida684,Accuracy high (87.72%); speed fast (12.13s); timing moderately variable (var=299.93); correct streak long (28); incorrect streak short (2); consecutive correct frequent (0.80).
gaqe214,Accuracy medium (82.46%); speed fast (8.78s); timing stable (var=88.48); correct streak moderate (16); incorrect streak short (3); consecutive correct frequent (0.71).
pufe463,Accuracy high (89.47%); speed fast (10.58s); timing moderately variable (var=193.90); correct streak long (18); incorrect streak short (2); consecutive correct frequent (0.84).
fifa517,Accuracy high (87.72%); speed fast (10.39s); timing stable (var=110.74); correct streak moderate (17); incorrect streak short (1); consecutive correct frequent (0.77).
wuzy577,Accuracy high (94.74%); speed fast (9.11s); timing stable (var=109.92); correct streak long (33); incorrect streak short (1); consecutive correct frequent (0.91).
sire515,Accuracy high (89.47%); speed fast (10.09s); timing moderately variable (var=172.57); correct streak long (25); incorrect streak short (2); consecutive correct frequent (0.84).
xyhi085,Accuracy high (87.72%); speed fast (10.26s); timing stable (var=79.64); correct streak long (28); incorrect streak moderate (4); consecutive correct frequent (0.80).
nexy906,Accuracy high (85.96%); speed fast (9.38s); timing stable (var=106.38); correct streak long (20); incorrect streak short (2); consecutive correct frequent (0.75).
pyzi618,Accuracy high (94.74%); speed fast (13.46s); timing highly variable (var=414.79); correct streak long (28); incorrect streak short (1); consecutive correct frequent (0.89).
muku118,Accuracy medium (75.44%); speed fast (13.28s); timing stable (var=124.64); correct streak moderate (15); incorrect streak moderate (4); consecutive correct occasional (0.64).
kewi488,Accuracy medium (70.18%); speed fast (11.94s); timing stable (var=116.18); correct streak short (11); incorrect streak moderate (4); consecutive correct occasional (0.55).
xafu780,Accuracy low (28.07%); speed fast (9.19s); timing stable (var=87.06); correct streak short (3); incorrect streak long (8); consecutive correct rare (0.09).
wowy820,Accuracy low (33.33%); speed slow (20.24s); timing moderately variable (var=319.01); correct streak short (7); incorrect streak long (23); consecutive correct rare (0.21).
ryzo168,Accuracy medium (73.68%); speed moderate (14.71s); timing moderately variable (var=156.00); correct streak moderate (16); incorrect streak short (3); consecutive correct occasional (0.55).
xavy753,Accuracy low (26.32%); speed slow (19.79s); timing highly variable (var=418.09); correct streak short (4); incorrect streak long (19); consecutive correct rare (0.16).
deje129,Accuracy low (29.82%); speed slow (22.62s); timing moderately variable (var=327.96); correct streak short (6); incorrect streak long (14); consecutive correct rare (0.16).
